{"_wandb":{"runtime":2687},"value_loss":0.35461762981954964,"pool_size":0,"_runtime":2687.0384823,"ep_len":7179.77,"_timestamp":1.7771801725658226e+09,"_step":5017600,"lr":0,"policy_loss":-6.157625175546855e-06,"entropy":6.837875843048096,"mean_reward":72.52276505142596}